molecule_chembl_id,canonical_smiles,pIC50,standard_value_median,bioactivity_class,n_measurements
CHEMBL5565685,CC1(C)[C@@H]2[C@@H](C(=O)N[C@H](C=O)C[C@@H]3CCNC3=O)N(C(=O)C3(c4cccc(Cl)c4)CC3)C[C@@H]21,7.853871964321762,14,Highly Active,1
CHEMBL5195325,CC1(C)[C@@H]2[C@@H](C(=O)N[C@H](C=O)C[C@@H]3CCNC3=O)N(C(=O)COc3ccc(OC(F)(F)F)cc3)C[C@@H]21,7.818156412055227,15.2,Highly Active,1
CHEMBL4802135,CC(C)(C)[C@H](NC(=O)C(F)(F)F)C(=O)N1C[C@H]2[C@@H]([C@H]1C(=O)N[C@H](C#N)C[C@@H]1CCNC1=O)C2(C)C,7.698970004336019,20,Highly Active,1
CHEMBL5570210,CC(C)c1ccc(F)c2[nH]c(C(=O)N3C[C@H]4[C@@H]([C@H]3C(=O)N[C@H](C=O)C[C@@H]3CCNC3=O)C4(C)C)cc12,7.522878745280337,30,Highly Active,1
CHEMBL5565858,CC1(C)[C@@H]2[C@@H](C(=O)N[C@H](C=O)C[C@@H]3CCNC3=O)N(C(=O)C3(c4ccccc4)CCCC3)C[C@@H]21,7.318758762624412,48,Highly Active,1
CHEMBL222234,O=C(Oc1cncc(Br)c1)c1ccco1,7.301029995663981,50,Highly Active,2
CHEMBL3427166,CC(C)C[C@H](NC(=O)OCc1ccccc1)C(=O)N[C@@H](C[C@@H]1CCNC1=O)C(O)S(=O)(=O)[O-].[Na+],7.301029995663981,50,Highly Active,1
CHEMBL2442057,O=C(Cn1nnc2ccccc21)N(Cc1ccsc1)c1ccc(-c2ccccc2)cc1,7.292429823902063,51,Highly Active,1
CHEMBL5595277,CC1(C)[C@@H]2[C@@H](C(=O)N[C@H](C=O)C[C@@H]3CCNC3=O)N(C(=O)c3cc4ccccc4[nH]3)C[C@@H]21,7.2839966563652006,52,Highly Active,1
CHEMBL5560356,O=C[C@H](CC1CCNC1=O)NC(=O)[C@H](CC1CCCCC1)NC(=O)c1cc2ccccc2[nH]1,7.275724130399211,53,Highly Active,1
CHEMBL222840,O=C(Oc1cncc(Cl)c1)c1ccco1,7.221848749616356,60,Highly Active,1
CHEMBL222769,O=C(Oc1cncc(Cl)c1)c1ccc(-c2ccc(Cl)cc2)o1,7.200659450546418,63,Highly Active,1
CHEMBL1929019,CC(=O)N[C@@H](CO)C(=O)N[C@@H](C)C(=O)N[C@H](C(=O)N[C@@H](CC1CCCCC1)C(=O)N[C@H](C=O)Cc1c[nH]cn1)C(C)C,7.187086643357144,65,Highly Active,1
CHEMBL225515,O=C(Oc1cncc(Cl)c1)c1cc2ccccc2[nH]1,7.187086643357144,65,Highly Active,1
CHEMBL4850298,CC(C)C[C@H](NC(=O)OCc1ccccc1)C(=O)N[C@H](C=O)C[C@@H]1CCNC1=O,7.154901959985743,70,Highly Active,1
CHEMBL222893,O=C(Oc1cncc(Cl)c1)c1cc2ccccc2s1,7.022276394711152,95,Highly Active,1
CHEMBL5564834,CC1(C)[C@@H]2[C@@H](C(=O)N[C@H](C=O)C[C@@H]3CCNC3=O)N(C(=O)COc3ccccc3)C[C@@H]21,7.00436480540245,99,Highly Active,1
CHEMBL2365410,CC(C)C[C@H](NC(=O)OCc1ccccc1)C(=O)N[C@@H](CC1CCNC1=O)C(O)S(=O)(=O)O,6.791588413942891,161.59,Active,2
CHEMBL5436771,S=C([S-])NCc1cccnc1.[K+],6.781256314814579,165.48000000000002,Active,2
CHEMBL426898,O=C(Oc1cncc(Cl)c1)c1cc2ccccc2o1,6.769551078621726,170,Active,1
CHEMBL222628,O=C(Oc1cncc(Cl)c1)c1cscn1,6.568636235841013,270,Active,1
CHEMBL212218,Cc1cc(S(=O)(=O)c2c([N+](=O)[O-])cc(C(F)(F)F)cc2[N+](=O)[O-])c(Cl)cc1Cl,6.522878745280337,300,Active,1
CHEMBL2311732,Cc1ccc(C(C(=O)NC(C)(C)C)N(C(=O)c2ccco2)c2ccc(C(C)(C)C)cc2)cn1,6.522878745280337,300,Active,1
CHEMBL2311734,CC(C)(C)NC(=O)C(c1ccccn1)N(C(=O)c1ccco1)c1ccc(C(C)(C)C)cc1,6.522878745280337,300,Active,1
CHEMBL2311736,CC(C)(C)NC(=O)C(c1cc[nH]n1)N(C(=O)c1ccco1)c1ccc(C(C)(C)C)cc1,6.522878745280337,300,Active,1
CHEMBL222735,COc1cccc(C(=O)Oc2cncc(Cl)c2)c1,6.468521082957745,340,Active,1
CHEMBL358279,NC(=O)c1ccc2c(c1)C(=O)C(=O)N2Cc1ccc2ccccc2c1,6.431798275933005,370,Active,1
CHEMBL4590273,Cc1cccc2nc(CSC(=S)NCc3cccnc3)cn12,6.418400268221168,381.595,Active,2
CHEMBL2311692,O=C(Oc1cncc(Br)c1)c1cccs1,6.301029995663981,500,Active,2
CHEMBL468553,O=C(Oc1cncc(Cl)c1)c1cccs1,6.301029995663981,500,Active,1
CHEMBL2402691,CC(=O)N[C@H](C(=O)N[C@H](C(=O)N[C@@H](CC(C)C)C(=O)N[C@@H](CCC(=O)N(C)C)C(=O)Cn1[nH]c(=O)c2c([N+](=O)[O-])cccc2c1=O)[C@H](C)OCc1ccccc1)C(C)C,6.221848749616356,600,Active,1
CHEMBL2442055,COc1ncccc1-c1ccc(N(Cc2ccsc2)C(=O)Cn2nnc3ccccc32)cc1,6.154901959985743,700,Active,1
CHEMBL212454,O=C(Oc1ccc(S(=O)(=O)c2ccc(OC(=O)C(Cl)=C(Cl)Cl)cc2)cc1)C(Cl)=C(Cl)Cl,6.045757490560675,900,Active,1
CHEMBL5593485,CCCCC1CCC(COC(=O)N[C@@H](CC(C)C)C(=O)N[C@H](C=O)C[C@@H]2CCNC2=O)CC1,6.045757490560675,900,Active,1
CHEMBL190743,O=C1C(=O)N(Cc2cc3ccccc3s2)c2ccc(I)cc21,6.022276394711152,950,Active,1
CHEMBL2442056,O=C(Cn1nnc2ccccc21)N(Cc1ccsc1)c1ccc(-c2cccnc2)cc1,6.013228265733755,970,Active,1
CHEMBL365134,O=C1C(=O)N(Cc2cc3ccccc3s2)c2c(Br)cccc21,6.008773924307505,980,Active,1
CHEMBL383725,O=C1C(=O)N(Cc2ccc3ccccc3c2)c2ccc(I)cc21,5.958607314841775,1100,Moderately Active,1
CHEMBL2311740,CC(C)(C)NC(=O)[C@@H](c1cccnc1)N(C(=O)c1ccco1)c1ccc(C(C)(C)C)cc1,5.823908740944319,1500,Moderately Active,2
CHEMBL2442058,O=C(Cn1nnc2ccccc21)N(Cc1ccsc1)c1ccc(NCc2ccccc2)cc1,5.823908740944319,1500,Moderately Active,1
CHEMBL1084481,COc1c(Sc2nnnn2-c2ccc(OCc3ccccc3)cc2)c(=O)[nH]c2ccccc12,5.698970004336019,2000,Moderately Active,1
CHEMBL187717,O=C1C(=O)N(Cc2cc3ccccc3s2)c2c1cccc2[N+](=O)[O-],5.698970004336019,2000,Moderately Active,1
CHEMBL2442054,O=C(Cn1nnc2ccccc21)N(Cc1ccsc1)c1ccc(-c2ccncc2)cc1,5.698970004336019,2000,Moderately Active,1
CHEMBL2442059,CNc1ccc(N(Cc2ccsc2)C(=O)Cn2nnc3ccccc32)cc1,5.6777807052660805,2100,Moderately Active,1
CHEMBL1405735,CCC(C)c1ccc(N(C(=O)c2ccco2)C(C(=O)NC2CCCC2)c2cccnc2)cc1,5.657577319177793,2200,Moderately Active,1
CHEMBL1084480,Clc1ccc(C2C(n3ccnc3)C(c3ccc(Br)cc3)=NN2c2ccc(Cl)c(Cl)c2)cc1,5.6020599913279625,2500,Moderately Active,1
CHEMBL2442067,CCC(=O)Nc1ccc(N(Cc2ccsc2)C(=O)Cn2nnc3ccccc32)cc1,5.5376020021010435,2900,Moderately Active,1
CHEMBL379642,O=C(Sc1nnc(C(F)(F)F)[nH]1)c1ccc(C#Cc2ccccc2)o1,5.522878745280337,3000,Moderately Active,1
CHEMBL208732,O=C(CSc1nccc(-c2csc(-c3ccccc3)n2)n1)Nc1cc(Cl)cc(Cl)c1,5.521439496344351,3009.975,Moderately Active,2
CHEMBL1084478,COc1ccccc1/N=C/c1nc(-c2ccccc2)oc1OC(C)=O,5.481486060122113,3300,Moderately Active,1
CHEMBL2442064,COCCC(=O)Nc1ccc(N(C(=O)Cn2nnc3ccccc32)C(C)c2ccsc2)cc1,5.468521082957745,3400,Moderately Active,1
CHEMBL5563508,C=CC(=O)N[C@H](CC(=C)C)C(=O)N1C[C@@H](C(=O)N[C@H](Cc2ccccc2)C(=O)NC)[C@H](c2cccc(C(F)(F)F)c2)C1,5.455931955649724,3500,Moderately Active,1
CHEMBL2442066,CC(C)C(=O)Nc1ccc(N(Cc2ccsc2)C(=O)Cn2nnc3ccccc32)cc1,5.443697499232712,3600,Moderately Active,1
CHEMBL2442073,CC(C)(C)NC(=O)C(c1ccsc1)N(C(=O)Cn1nnc2ccccc21)c1ccc(NC(=O)C2CCC2)cc1,5.42021640338319,3800,Moderately Active,1
CHEMBL2442076,CC(C)C(=O)Nc1ccc(N(C(=O)Cn2nnc3ccccc32)C(C(=O)NC(C)(C)C)c2ccsc2)cc1,5.3872161432802645,4100,Moderately Active,1
CHEMBL2442081,O=C(Nc1ccc(N(Cc2ccsc2)C(=O)Cn2nnc3ccccc32)cc1)C1CC1,5.3872161432802645,4100,Moderately Active,1
CHEMBL2311694,CC(C)(C)NC(=O)C(c1cccnc1)N(C(=O)c1ccco1)c1ccc(C(C)(C)C)cc1,5.318758762624412,4800,Moderately Active,1
CHEMBL187598,O=C1C(=O)N(Cc2cc3ccccc3s2)c2ccc(F)cc21,5.31695296176115,4820,Moderately Active,1
CHEMBL18786,CN(C)CCCSc1ccccc1NC(=O)/C=C/c1ccccc1,5.301029995663981,5000,Moderately Active,4
CHEMBL427404,Cc1noc(NC(=O)c2ccc(-c3cc(C(F)(F)F)nn3C)s2)c1[N+](=O)[O-],5.301029995663981,5000,Moderately Active,1
CHEMBL2311727,CC(C)(C)NC(=O)C(c1cccnc1)N(C(=O)c1ccc(Cl)o1)c1ccc(C(C)(C)C)cc1,5.2839966563652006,5200,Moderately Active,1
CHEMBL2372143,CC(C)C[C@H](NC(=O)[C@@H](NC(=O)[C@H](C)NC(=O)OCc1ccccc1)C(C)C)C(=O)N[C@@H](Cc1ccccc1)C(=O)C(F)(F)F,5.27642098432889,5500,Moderately Active,6
CHEMBL2311731,CC(C)(C)NC(=O)C(c1cnccn1)N(C(=O)c1ccco1)c1ccc(C(C)(C)C)cc1,5.259637310505756,5500,Moderately Active,1
CHEMBL213581,Nc1ncc(S(=O)(=O)c2ccc(Cl)cc2)c(N)n1,5.221848749616356,6000,Moderately Active,1
CHEMBL2311709,CC(C)(C)NC(=O)C(c1cccnc1)N(C(=O)C1=NC=NC1)c1ccc(C(C)(C)C)cc1,5.221848749616356,6000,Moderately Active,1
CHEMBL1082333,N#Cc1c(-c2ccc(Cl)cc2)nc(SCc2ccc([N+](=O)[O-])cc2)[nH]c1=O,5.214670164989233,6100,Moderately Active,1
CHEMBL2442082,CCC(C)(C)NC(=O)[C@@H](c1ccn(C)c1)N(C(=O)Cn1nnc2ccccc21)c1ccc(NC(C)=O)cc1,5.207608310501746,6200,Moderately Active,1
CHEMBL218394,CC(C)(C)NC(=O)N[C@H](C(=O)N1C[C@H]2[C@@H]([C@H]1C(=O)NC(CC1CCC1)C(=O)C(N)=O)C2(C)C)C(C)(C)C,5.178486471595227,6630,Moderately Active,1
CHEMBL2442077,CCC(=O)Nc1ccc(N(C(=O)Cn2nnc3ccccc32)C(C(=O)NC(C)(C)C)c2ccsc2)cc1,5.161150909262744,6900,Moderately Active,1
CHEMBL1084479,COc1cc(C[S+]([O-])c2nc3cccnc3s2)oc(=O)c1,5.142667503568732,7200,Moderately Active,1
CHEMBL187579,Cc1noc(C)c1CN1C(=O)C(=O)c2cc(C#N)ccc21,5.142667503568732,7200,Moderately Active,1
CHEMBL227075,Cc1cccc2c3c(ccc12)C1=C(C(=O)C3=O)[C@@H](C)CO1,5.140210071143138,7800,Inactive,4
CHEMBL2442079,CC(=O)Nc1ccc(N(C(=O)Cn2nnc3ccccc32)C(C(=O)NC(C)(C)C)c2ccsc2)cc1,5.112382699664264,7720,Moderately Active,1
CHEMBL2442063,O=C(Nc1ccc(N(Cc2ccsc2)C(=O)Cn2nnc3ccccc32)cc1)C1CCC1,5.0915149811213505,8100,Moderately Active,1
CHEMBL2402692,COC(=O)/C=C/[C@H](C[C@@H]1CCNC1=O)NC(=O)[C@H](CC(C)C)NC(=O)[C@@H](NC(=O)OCc1ccccc1)C(C)C,5.040958607678906,9100,Moderately Active,1
CHEMBL2442074,CC(C)(C)NC(=O)C(c1ccsc1)N(C(=O)Cn1nnc2ccccc21)c1ccc(NC(=O)C2CC2)cc1,5.040958607678906,9100,Moderately Active,1
CHEMBL188487,O=C1C(=O)N(Cc2ccc(F)cc2Cl)c2ccc(I)cc21,5.026872146400302,9400,Moderately Active,1
CHEMBL212190,Cc1oc(C(C)(C)C)cc1-c1cc(NS(=O)(=O)c2cccs2)[nH]n1,5,10000,Moderately Active,1
CHEMBL2311730,CC(C)(C)NC(=O)C(c1ccnnc1)N(C(=O)c1ccco1)c1ccc(C(C)(C)C)cc1,5,10000,Moderately Active,1
CHEMBL2402685,COc1cccc(NCC(=O)N[C@@H](CC(C)C)C(=O)N[C@@H](C[C@@H]2CCNC2=O)C(=O)c2nc3ccccc3s2)c1,5,10000,Moderately Active,1
CHEMBL269277,C=C(C)[C@@H]1CC[C@]2(C(=O)O)CC[C@]3(C)[C@H](CC[C@@H]4[C@@]5(C)CC[C@H](O)C(C)(C)[C@@H]5CC[C@]43C)[C@@H]12,5,10000,Moderately Active,1
CHEMBL377150,Cn1nc(-c2ccc(-c3ccnc(SCC(=O)Nc4ccc(Cl)cc4)n3)s2)cc1C(F)(F)F,5,10000,Moderately Active,2
CHEMBL406516,CC(C)C[C@H](NC(=O)[C@@H](NC(=O)[C@H](C)NC(=O)OCc1ccccc1)C(C)C)C(=O)NC(Cc1ccccc1)C(=O)C(F)(F)F,5,10000,Moderately Active,1
CHEMBL363535,Cc1coc2c1C(=O)C(=O)c1c-2ccc2c(C)cccc12,4.9974097437481095,10150,Inactive,4
CHEMBL2442061,CC(C)COC(=O)Nc1ccc(N(Cc2ccsc2)C(=O)Cn2nnc3ccccc32)cc1,4.987162775294828,10300,Inactive,1
CHEMBL1082332,N#Cc1c(-c2cccc([N+](=O)[O-])c2)nc(SCc2ccc([N+](=O)[O-])cc2)[nH]c1=O,4.97469413473523,10600,Inactive,1
CHEMBL2146517,COC(=O)[C@@]1(C)CCCc2c1ccc1c2C(=O)C(=O)c2c(C)coc2-1,4.97469413473523,10600,Inactive,3
CHEMBL2442080,CC(=O)Nc1ccc(N(C(=O)Cn2cc(-c3ccccc3)nn2)C(C(=O)NC(C)(C)C)c2ccsc2)cc1,4.958607314841775,11000,Inactive,1
CHEMBL2311691,CCN(CC)c1ccc(C(=O)On2nnc3ccccc32)cc1,4.954677021213342,11100,Inactive,1
CHEMBL210092,CSc1sc(-c2nc(C)cs2)c(C)c1-c1ccnc(SCC(=O)Nc2ccc(Cl)cc2)n1,4.954303745343182,11110.09,Inactive,2
CHEMBL365469,O=C1C(=O)N(Cc2cc3ccccc3s2)c2cccc(Cl)c21,4.950781977329818,11200,Inactive,1
CHEMBL380403,O=[N+]([O-])c1cc(C(F)(F)F)ccc1S(=O)(=O)c1ccc(Cl)cc1,4.920818753952375,12000,Inactive,1
CHEMBL378674,CSc1sc(-c2nc(C)cs2)c(C)c1-c1ccnc(SCC(=O)Nc2ccccc2Cl)n1,4.920409455474716,12011.32,Inactive,2
CHEMBL2442053,COc1ncc(-c2ccc(N(Cc3ccsc3)C(=O)Cn3nnc4ccccc43)cc2)cn1,4.903089986991944,12500,Inactive,1
CHEMBL348660,NC(=O)c1ccc2c(c1)C(=O)C(=O)N2Cc1ccccc1,4.903089986991944,12500,Inactive,1
CHEMBL191575,O=C(Nc1ccc(Cl)cc1)c1ccc(CN2C(=O)C(=O)c3cc(I)ccc32)s1,4.900664722314042,12570,Inactive,1
CHEMBL211969,Cc1ccc(S(=O)(=O)c2nc(C)c([N+](=O)[O-])c(C)c2C#N)cc1,4.886056647693163,13000,Inactive,1
CHEMBL212504,Cc1nc(S(=O)(=O)c2ccccc2)c(C#N)c(C)c1[N+](=O)[O-],4.886056647693163,13000,Inactive,1
CHEMBL2311693,C=C(Cc1cccc(C)c1)C1=CC=C(c2ccc(C)cc2)C1,4.886056647693163,13000,Inactive,2
CHEMBL426082,O=C1C(=O)N(Cc2cc3ccccc3s2)c2ccccc21,4.8823973083099155,13110,Inactive,1
CHEMBL2442065,CC(C)(C)C(=O)Nc1ccc(N(Cc2ccsc2)C(=O)Cn2nnc3ccccc32)cc1,4.876148359032914,13300,Inactive,1
CHEMBL185698,O=C1C(=O)N(CC2COc3ccccc3O2)c2ccc(I)cc21,4.8696662315049934,13500,Inactive,1
CHEMBL2402686,COc1ccccc1NCC(=O)N[C@@H](CC(C)C)C(=O)N[C@@H](C[C@@H]1CCNC1=O)C(=O)c1nc2ccccc2s1,4.853871964321762,14000,Inactive,1
CHEMBL209227,Cc1nc(-c2nc(-c3ccnc(SCC(=O)Nc4ccc(Cl)cc4)n3)cs2)cs1,4.851935912156444,14062.689999999999,Inactive,2
CHEMBL258787,CC(C)C[C@H](NC(=O)OCc1ccccc1)C(=O)NC(Cc1ccccc1)C(=O)C(F)(F)F,4.823908740944319,15000,Inactive,1
CHEMBL378700,CSc1[nH]nc(NC(=O)c2cccs2)c1S(=O)(=O)c1ccccc1,4.823908740944319,15000,Inactive,1
CHEMBL384739,O=[N+]([O-])c1ccc(S(=O)(=O)c2ccc(Cl)cc2)[n+]([O-])c1,4.823908740944319,15000,Inactive,1
CHEMBL208763,O=C(CSc1nccc(-c2cc(-c3ccccc3)no2)n1)Nc1ccc(Cl)cc1,4.821954406114749,15067.805,Inactive,2
CHEMBL209667,O=C(CSc1nccc(-c2cc(-c3ccccc3Cl)no2)n1)Nc1ccc(Cl)cc1,4.821954406114749,15067.805,Inactive,2
CHEMBL210097,O=C(CSc1nccc(-c2cc(-c3ccc(Cl)cc3Cl)no2)n1)Nc1ccc(C(F)(F)F)cc1,4.821954406114749,15067.805,Inactive,2
CHEMBL2397338,CC(C)C[C@@H]1NC(=O)[C@@H](NC(=O)OCc2ccccc2)Cc2cn(nn2)CCCNC(=O)CC[C@@H](C=O)NC1=O,4.809668301829708,15500,Inactive,1
CHEMBL212019,CC1(C)CC(=O)c2c(NCc3ccco3)sc(C#N)c2C1,4.795880017344075,16000,Inactive,1
CHEMBL212240,O=C(O)c1ccc(S(=O)(=O)c2cc(Br)c(O)c(Br)c2)cc1,4.795880017344075,16000,Inactive,1
CHEMBL215732,CCOC(=O)/C(C#N)=C/Nc1ccc(S(=O)(=O)c2ccc(/N=C/C(C#N)=C(\O)OCC)cc2)cc1,4.795880017344075,16000,Inactive,1
CHEMBL377253,CC(=O)c1ccccc1S(=O)(=O)c1ccccc1C(=O)O,4.795880017344075,16000,Inactive,1
CHEMBL1086234,N#Cc1c(-c2ccc(Cl)cc2)nc(SCCc2ccccc2)[nH]c1=O,4.772113295386326,16900,Inactive,1
CHEMBL187266,Cc1coc2c1C(=O)C(=O)c1c-2ccc2c1CCCC2(C)C,4.767003889607846,17100,Inactive,3
CHEMBL495231,Cc1cc2cc(CN(CCc3ccccc3C)C(=O)NCc3ccccc3)c(=O)[nH]c2cc1C,4.764471553092451,17200,Inactive,1
CHEMBL370923,O=C1C(=O)N(Cc2ccc(C(=O)N3CCCCC3)s2)c2ccc(I)cc21,4.756961951313706,17500,Inactive,1
CHEMBL212399,CSc1nn(-c2c([N+](=O)[O-])c(C)nn2C)c(-c2cccs2)c1C#N,4.7447274948966935,18000,Inactive,1
CHEMBL215733,O=S(=O)(Cc1[nH]c(-c2ccc(Cl)s2)c[s+]1)c1cccs1.[Br-],4.7447274948966935,18000,Inactive,1
CHEMBL523052,O=C(CSc1nc(C2CCCCC2)nc2ccccc12)NCc1ccco1,4.739928612014925,18200,Inactive,1
CHEMBL379727,CCCCN1C(=O)C(=O)c2cc(C(N)=O)ccc21,4.721246399047171,19000,Inactive,1
CHEMBL2440138,CC(C)(C)NC(=O)C(c1ccsc1)N(C(=O)Cn1nnc2ccccc21)c1ccc(N)cc1,4.698970004336019,20000,Inactive,1
CHEMBL375130,Cc1nn(C)c(NCc2ccc(-c3cccs3)s2)c1[N+](=O)[O-],4.698970004336019,20000,Inactive,1
CHEMBL409422,O=C(N[C@@H](Cc1ccccc1)C(=O)NC(Cc1ccccc1)C(=O)C(F)(F)F)OCc1ccccc1,4.698970004336019,20000,Inactive,1
CHEMBL1082714,COc1ccc(-c2nc(SCCc3ccccc3)[nH]c(=O)c2C#N)cc1,4.692503962086787,20300,Inactive,1
CHEMBL2402501,CC(C)C[C@H](NC(=O)OCc1ccccc1)C(=O)N[C@@H](C[C@@H]1CCNC1=O)C(=O)c1nc2ccccc2s1,4.6777807052660805,21000,Inactive,1
CHEMBL215254,Cc1coc2c1C(=O)C(=O)c1c-2ccc2c1CCCC2(C)CO,4.675137907035239,21400,Inactive,4
CHEMBL2442062,O=C(Nc1ccc(N(Cc2ccsc2)C(=O)Cn2nnc3ccccc32)cc1)C1CCCCC1,4.655607726314889,22100,Inactive,1
CHEMBL2442075,CC(C)(C)NC(=O)C(c1ccsc1)N(C(=O)Cn1nnc2ccccc21)c1ccc(NC(=O)C(C)(C)C)cc1,4.647817481888637,22500,Inactive,1
CHEMBL188983,O=C1C(=O)N(C/C=C/c2cc3ccccc3s2)c2ccc(I)cc21,4.628932137728263,23500,Inactive,1
CHEMBL2402680,CC(C)C[C@H](NC(=O)COc1ccccc1)C(=O)N[C@@H](C[C@@H]1CCNC1=O)C(=O)c1nc2ccccc2s1,4.619788758288394,24000,Inactive,1
CHEMBL210525,CCCN1C(=O)C(=O)c2cc(C(N)=O)ccc21,4.6020599913279625,25000,Inactive,1
CHEMBL215397,O=[N+]([O-])c1ccc(S(=O)(=O)c2ccc([N+](=O)[O-])cc2)cc1,4.6020599913279625,25000,Inactive,1
CHEMBL395263,O=C1OC[C@H](Cc2ccc3c(c2)OCO3)/C1=C\c1ccc2c(c1)OCO2,4.6020599913279625,25000,Inactive,1
CHEMBL2442078,CC(C)(C)NC(=O)C(c1ccsc1)N(C(=O)Cn1nnc2ccccc21)c1ccc(NS(C)(=O)=O)cc1,4.5968794788241825,25300,Inactive,1
CHEMBL2442069,CC(C)(C)NC(=O)C(c1ccsc1)N(C(=O)Cn1nnc2ccccc21)c1ccc(NC(=O)c2ccno2)cc1,4.585026652029182,26000,Inactive,1
CHEMBL4465864,CC(=O)N[C@H](C(=O)NCC(=O)NC1[C@H]2CCCC[C@@H]2CN(C(=O)c2ccc(Br)cc2)[C@@H]1CN[C@H](C=O)Cc1c[nH]cn1)[C@@H](C)O,4.585026652029182,26000,Inactive,1
CHEMBL1082715,COc1ccc(-c2nc(SCc3ccc([N+](=O)[O-])cc3)[nH]c(=O)c2C#N)cc1,4.580044251510242,26300,Inactive,1
CHEMBL2311695,CC(C)c1ccc(N(C(=O)c2ccco2)C(C(=O)NC(C)(C)C)c2cccnc2)cc1,4.55129368009492,28100,Inactive,1
CHEMBL187460,C[C@H]1COC2=C1C(=O)C(=O)c1c2ccc2c1CCCC2(C)C,4.526587260024638,48850,Inactive,4
CHEMBL208584,CCCc1cc(O)nc(SCC(=O)Nc2ccc(Cl)cc2)n1,4.521439352535898,30099.760000000002,Inactive,2
CHEMBL378342,CCOC(=O)C(=CNc1ccc(S(=O)(=O)c2ccc(/N=C/C(C(=O)OCC)=C(\O)OCC)cc2)cc1)C(=O)OCC,4.494850021680094,32000,Inactive,1
CHEMBL1083123,N#Cc1c(-c2ccccc2)nc(SCc2ccc([N+](=O)[O-])cc2)[nH]c1=O,4.453457336521869,35200,Inactive,1
CHEMBL2311700,CC(C)(C)NC(=O)C(c1cccnc1)N(C(=O)c1cnco1)c1ccc(C(C)(C)C)cc1,4.4089353929735005,39000,Inactive,1
CHEMBL140,COc1cc(/C=C/C(=O)CC(=O)/C=C/c2ccc(O)c(OC)c2)ccc1O,4.3979400086720375,40000,Inactive,1
CHEMBL1448,O=C(Nc1ccc([N+](=O)[O-])cc1Cl)c1cc(Cl)ccc1O,4.3979400086720375,40000,Inactive,1
CHEMBL214372,O=C(Cc1nccs1)c1nccs1,4.3979400086720375,40000,Inactive,1
CHEMBL258581,CC(C)C[C@H](NC(=O)OC(C)(C)C)C(=O)NC(C)C(=O)C(F)(F)F,4.3979400086720375,40000,Inactive,1
CHEMBL261402,C[C@H](NC(=O)[C@H](CCC(=O)OC(C)(C)C)NC(=O)OC(C)(C)C)C(=O)NCC(=O)C(F)(F)F,4.3979400086720375,40000,Inactive,1
CHEMBL210497,COc1cccc(-c2nc(SCC(=O)Nc3ccc(S(N)(=O)=O)cc3)nc(O)c2C#N)c1,4.393969992504873,40369.015,Inactive,2
CHEMBL210612,CC(C)c1ccc(NC(=O)CSc2nccc(-c3cccs3)n2)cc1,4.393969992504873,40369.015,Inactive,2
CHEMBL45830,CC(C)C1=Cc2ccc3c(c2C(=O)C1=O)CCCC3(C)C,4.371641127011257,45100,Inactive,4
CHEMBL2402508,COc1ccc(CC(=O)N[C@@H](CC(C)C)C(=O)N[C@@H](C[C@@H]2CCNC2=O)C(=O)c2nc3ccccc3s2)cc1,4.366531544420414,43000,Inactive,1
CHEMBL194398,CCOC(=O)/C=C/[C@H](C[C@@H]1CCNC1=O)NC(=O)[C@@H](CC(=O)[C@@H](NC(=O)c1cc(C)on1)C(C)C)Cc1ccccc1,4.346787486224656,45000,Inactive,1
CHEMBL2311733,CC(C)(C)NC(=O)C(c1ccncc1)N(C(=O)c1ccco1)c1ccc(C(C)(C)C)cc1,4.346787486224656,45000,Inactive,1
CHEMBL380470,COc1ccc(NC(=O)CSc2nc(O)cc(-c3ccccc3)n2)cc1OC,4.343393738178705,45354.41,Inactive,2
CHEMBL2311726,CC(C)(C)NC(=O)C(c1cccnc1)N(C(=O)c1ncco1)c1ccc(C(C)(C)C)cc1,4.327902142064283,47000,Inactive,1
CHEMBL1082334,N#Cc1c(-c2cccc(Cl)c2)nc(SCc2ccccc2)[nH]c1=O,4.301029995663981,50000,Inactive,1
CHEMBL1082811,N#Cc1c(-c2ccccc2)nc(SCc2ccccc2)[nH]c1=O,4.301029995663981,50000,Inactive,1
CHEMBL1082812,N#Cc1c(-c2ccccc2)nc(SCCc2ccccc2)[nH]c1=O,4.301029995663981,50000,Inactive,1
CHEMBL1083124,COc1ccc(-c2nc(SCc3ccccc3)[nH]c(=O)c2C#N)cc1,4.301029995663981,50000,Inactive,1
CHEMBL1083286,N#Cc1c(-c2cccc([N+](=O)[O-])c2)nc(SCCc2ccccc2)[nH]c1=O,4.301029995663981,50000,Inactive,1
CHEMBL1083958,Cc1ccc(-c2nc(SCCc3ccccc3)[nH]c(=O)c2C#N)cc1,4.301029995663981,50000,Inactive,1
CHEMBL1083959,Cc1ccc(-c2nc(SCc3ccc([N+](=O)[O-])cc3)[nH]c(=O)c2C#N)cc1,4.301029995663981,50000,Inactive,1
CHEMBL118596,O=C1C(=O)N(Cc2ccccc2)c2ccc(I)cc21,4.301029995663981,50000,Inactive,1
CHEMBL2311705,CC(C)(C)NC(=O)C(c1cccnc1)N(C(=O)c1cccs1)c1ccc(C(C)(C)C)cc1,4.301029995663981,50000,Inactive,1
CHEMBL259622,CCCCCCCCC(=O)N[C@@H](CC(C)C)C(=O)NC(Cc1ccccc1)C(=O)C(F)(F)F,4.301029995663981,50000,Inactive,1
CHEMBL261189,CCCCCCCCCC(=O)N[C@@H](CC(C)C)C(=O)NC(Cc1ccccc1)C(=O)C(F)(F)F,4.301029995663981,50000,Inactive,1
CHEMBL265704,C[C@H](NC(=O)[C@@H](N)CCC(=O)O)C(=O)NCC(=O)C(F)(F)F,4.301029995663981,50000,Inactive,1
CHEMBL327313,Cc1ccc(-c2nc(SCc3ccccc3)[nH]c(=O)c2C#N)cc1,4.301029995663981,50000,Inactive,1
CHEMBL210487,CCC(Sc1nc(O)c(C#N)c(-c2cccc(OC)c2)n1)C(=O)Nc1ccc(C(C)=O)cc1,4.220924369789729,60127.979999999996,Inactive,2
CHEMBL210632,COc1cccc(-c2nc(SCC(=O)Nc3ccc(C(C)=O)cc3)nc(O)c2C#N)c1,4.220924369789729,60127.979999999996,Inactive,2
CHEMBL209287,CCCCN1C(=O)C(=O)c2cc(I)ccc21,4.180456064458132,66000,Inactive,1
CHEMBL196635,CCOC(=O)/C=C/[C@H](C[C@@H]1CCNC1=O)NC(=O)[C@H](CC=C(C)C)CC(=O)[C@@H](NC(=O)c1cc(C)on1)C(C)C,4.154901959985743,70000,Inactive,1
CHEMBL148483,CN1C(=O)C(=O)c2cc(C(N)=O)ccc21,4.1487416512809245,71000,Inactive,1
CHEMBL2311729,Cn1cnc(C(=O)N(c2ccc(C(C)(C)C)cc2)C(C(=O)NC(C)(C)C)c2cccnc2)c1,4.1249387366083,75000,Inactive,1
CHEMBL207207,Cc1cc(O)nc(SCC(=O)Nc2cc(Cl)ccc2Oc2ccccc2)n1,4,100000,Inactive,2
CHEMBL242011,O=C1OC[C@H](Cc2ccc3c(c2)OCO3)[C@H]1Cc1ccc2c(c1)OCO2,4,100000,Inactive,1
CHEMBL431525,C=C(C)[C@@H]1CC[C@]2(C(=O)O)CC[C@]3(C)[C@H](CC[C@@H]4[C@@]5(C)CCC(=O)C(C)(C)[C@@H]5CC[C@]43C)[C@@H]12,4,100000,Inactive,1
